feature,iv,ks
f45,1.8441397407879665,0.613699549419998
f145,1.8441397407879665,0.613699549419998
f22,1.8071311821312555,0.45436679129517776
f30,1.8071311821312555,0.45436679129517776
f15,1.8071311821312555,0.45436679129517776
f5,1.8001353342819413,0.4444923784872016
f74,1.7830916544586264,0.44156840187901447
f106,1.7491946766686062,0.43572044866264026
f41,1.7491946766686062,0.43572044866264026
f223,1.735242938493239,0.5085322596107755
f66,1.7323408677095404,0.43279647205445304
f193,1.720347222123117,0.5096347425941904
f93,1.6458261081843573,0.4083021762055411
f0,1.5867092770945295,0.5765986003259514
f53,1.5699581405734315,0.48844789569552294
f9,1.5699581405734315,0.48844789569552294
f23,1.5640901641257545,0.5689770875275622
f16,1.5529908043792564,0.5725721407343496
f38,1.539350565732648,0.5750647109577222
f78,1.539350565732648,0.5750647109577222
f86,1.5365708328551977,0.5674911322020899
f133,1.5107448720013472,0.5748250407439364
f175,1.4991234311602715,0.37211197392388073
f69,1.4767099864744055,0.5525836449046113
f101,1.4767099864744055,0.5525836449046113
f98,1.46138051063028,0.5522001725625538
f63,1.434155406247215,0.5514332278784393
title_Mr,1.404650879580834,0.5573291151375708
f8,1.4020859359621762,0.5380116959064327
f153,1.3984361099401035,0.5384431022912473
Sex_female,1.3416814135556492,0.5337455661010448
Sex_male,1.3416814135556492,0.5337455661010451
f117,1.3019863044034115,0.24964049467932126
f90,1.3019863044034115,0.24964049467932126
f82,1.3019863044034115,0.24964049467932126
f131,1.3019863044034115,0.24964049467932126
f140,1.26385283766769,0.24379254146294693
f170,1.207113813640203,0.2350206116383855
f124,1.1983529485180382,0.5008148787268718
f150,1.141599156077376,0.48408589780462086
f34,1.138864295601305,0.4717668488160291
sexpclass_female1,1.0918339499812646,0.2606173904707123
f110,1.0714139441932624,0.46165276579426706
f289,1.0402932447554711,0.20870482216470132
f214,0.8943267599771062,0.4476560253091746
f172,0.8463071179578285,0.44156840187901447
f355,0.8443136654618518,0.2602818521714122
f203,0.843653536402246,0.17654107947464281
sexpclass_male3,0.8275142134485558,0.40902118684689864
f49,0.8253076648804631,0.3934426229508196
f162,0.7814734577364778,0.3723995781804237
f141,0.7461202776077093,0.3713450292397661
f58,0.6982195028143747,0.29129517783529857
f113,0.682862111533988,0.3101811906816221
f253,0.6281731915831938,0.3362573099415205
sexpclass_female2,0.6099314501461152,0.19374940082446557
f249,0.6060812515064874,0.135605406960023
f89,0.6027586822128683,0.20472629661585662
f81,0.6027586822128683,0.20472629661585662
f285,0.5896880295756696,0.21680567539066242
f173,0.5655860609820673,0.15827820918416258
f120,0.5655860609820673,0.15827820918416258
f266,0.5556901485323253,0.36314830792829067
f351,0.554543991424859,0.3508771929824561
f362,0.5517961204523726,0.15535423257597547
f179,0.5485612449725161,0.32921100565621697
f224,0.5473695810116855,0.1791295177835298
f168,0.5468171425022536,0.3154539353849104
f161,0.5424709369507785,0.23037100949094047
f194,0.5350678291486045,0.1762055411753427
f130,0.5252484038040007,0.27619595436679123
f136,0.5252484038040007,0.27619595436679123
title_Mrs,0.5092990784278651,0.24211484996644617
f336,0.5046699910632195,0.2853992905761672
f357,0.49298219444526853,0.2718339564758892
Fare,0.4660001581714873,0.29613651615377246
f250,0.4623440409485629,0.12501198351068932
f301,0.4599882525931994,0.2965199884958297
title_Miss,0.45250343278928445,0.2711628798772888
f186,0.4522904150573358,0.27226536286070363
Pclass_3,0.4518713131593065,0.3296424120410315
f114,0.4429245772028302,0.2500239670213785
f313,0.4183137449475053,0.12611446649410407
f57,0.41387983756193947,0.24671651807113415
f119,0.40425389666838835,0.274949669255105
f50,0.39568513205008726,0.15914102195379154
f109,0.3932548188441752,0.1411178218770971
f262,0.38836451630380897,0.12721694947751894
f143,0.3795623765587428,0.10746812386156657
f182,0.3751513595803527,0.21618253283481925
f159,0.36674278990048986,0.20491803278688525
f248,0.3661039603095288,0.10454414725337935
f184,0.35532883378187746,0.08882178122902884
f251,0.35532883378187746,0.08882178122902884
f195,0.35274753962877103,0.10162017064519224
f338,0.35274753962877103,0.10162017064519224
family,0.3513327133574521,0.2046304285303423
Pclass_1,0.34096601933555615,0.2519413287316652
f300,0.34053922488710736,0.08589780462084173
f199,0.34053922488710736,0.08589780462084173
f310,0.33892017406444586,0.24053302655545972
f354,0.33055444360231606,0.16604352411082346
f197,0.32872844462271233,0.2823315118397085
f221,0.3258687508670595,0.08297382801265452
f157,0.3244204569308278,0.16709807305148117
f286,0.31331340881777414,0.09284824082063081
f280,0.28774415133314374,0.10785159620362383
f200,0.28774415133314374,0.10785159620362383
f212,0.27488714700237754,0.08407631099606949
f299,0.27436646971957523,0.1288946409740197
f309,0.2654205071070557,0.23938260952928767
f334,0.26231633996716747,0.08115233438788227
f288,0.25800660650415924,0.2375131818617583
f326,0.2565384492440336,0.2198255200843639
f216,0.25563717819183396,0.0990796663790624
f191,0.25443236743454645,0.06835394497171887
f230,0.24950031271772316,0.15549803470424695
f269,0.24514365894337534,0.0961556897708753
f284,0.23828603311049484,0.18401879014476086
f207,0.23676182903822468,0.23746524781900102
f176,0.23542981074081906,0.08225481737129714
f306,0.23542981074081906,0.08225481737129714
f318,0.23533536903881438,0.23943054357204485
f144,0.22809793260257877,0.086281276962899
f211,0.22672846161774812,0.1206979196625444
f255,0.2239722375136194,0.23013133927715462
f208,0.2221229248453791,0.06811427475793308
f198,0.21666807396404553,0.16585178793979483
f333,0.21521899381209203,0.09946313872111978
f319,0.214331127491754,0.06629278113316084
f242,0.2138577103227312,0.0779407535231521
f330,0.21326527925011923,0.05958201514715744
f149,0.20703560723294745,0.07611925989837975
f287,0.19770924218919506,0.21685360943341964
f166,0.19249781878978775,0.08666474930495638
f348,0.19045963901381052,0.14658230275141404
f356,0.18662172552879433,0.05373406193078323
f291,0.18662172552879433,0.05373406193078323
f311,0.18375168634941258,0.05900680663407154
f142,0.18093806216568928,0.08302176205541179
f314,0.18017816227655764,0.06763493433036138
f215,0.17942026450919202,0.1251557856389608
f210,0.17464501406645067,0.14500047934042748
f226,0.1735623497648817,0.05081008532259612
f158,0.16183590692324412,0.16311954750263635
sexpclass_male2,0.15487833529848757,0.11604831751509925
f290,0.1442176974817229,0.05191256830601099
f33,0.1386574732971221,0.08843830888697157
f267,0.13754975503432257,0.06399194708081679
f368,0.13498818269339263,0.18258076886204588
f352,0.1348765698851968,0.12453264308311762
f259,0.13385039747070931,0.07937877480586719
f118,0.13195772012583412,0.17323363052439844
f165,0.13125387504686406,0.08225481737129714
f231,0.12970940493413566,0.09845652382321923
f163,0.12947835930379747,0.05426133640111197
f55,0.12947835930379747,0.05426133640111197
f11,0.12947835930379747,0.05426133640111197
f155,0.12947835930379747,0.05426133640111197
SibSp_1,0.12356453564387647,0.15080049851404465
f189,0.12330036960378538,0.039114178889847584
f94,0.12256365075393356,0.04606461508963666
Age,0.12197425028815115,0.07970071567989591
f47,0.12092189577626718,0.06298533218291635
f238,0.11921663983200297,0.16057904323650662
f237,0.11692550493821537,0.08196721311475419
f270,0.1167457235405956,0.07463330457290762
Embarked_C,0.11621983352909439,0.13531780270347993
f187,0.11579433765594227,0.061163838558144
f83,0.11573760054522997,0.08306969609816894
f43,0.11573760054522997,0.08306969609816894
f27,0.11573760054522997,0.08306969609816894
f219,0.11435724159059799,0.069504361997891
f246,0.11383335445624726,0.05924647684785733
f126,0.11203593454422388,0.043140638481449556
f138,0.11129091193084824,0.036190202281660366
f6,0.11089756121275125,0.11432269197584122
f54,0.11089756121275125,0.11432269197584122
f10,0.11089756121275125,0.11432269197584122
f67,0.11089756121275125,0.11432269197584122
f20,0.11089756121275125,0.11432269197584122
f75,0.11089756121275125,0.11432269197584122
f292,0.10912744560990034,0.04716709807305153
f304,0.1058765103507669,0.10109289617486339
f111,0.10572149001356397,0.05752085130859941
f147,0.10572149001356397,0.05752085130859941
f236,0.10530089951232577,0.03897037676157611
f202,0.10478373902200722,0.06768286837311865
Embarked_S,0.10046136918305051,0.1432748538011696
f217,0.09785430721502977,0.06475889176493144
f206,0.09341240974469468,0.06806634071517592
f316,0.09180672710896363,0.12553925798101817
Parch_0,0.08971808134998438,0.12927811331607708
f282,0.08895693713938235,0.06912088965583352
f127,0.08478762498645491,0.0788994343782955
f367,0.08418617336432743,0.07309941520467844
f366,0.08147826049960134,0.0383951682484901
f317,0.08076433338212695,0.07127792157990609
f331,0.07893652212071736,0.04865305339852355
f369,0.07788572214219153,0.07214073434953505
f228,0.07592682367344497,0.13129134311187807
f91,0.0756734361901135,0.09313584507717387
f293,0.07505275650077345,0.03949765123190485
f256,0.0736477111931318,0.07089444923784871
Parch_1,0.073567324259181,0.09351931741923114
f174,0.07271773090537119,0.03547119164030299
f121,0.07271773090537119,0.03547119164030299
f177,0.07267480299665523,0.06701179177451821
f294,0.07223218506741054,0.03144473204870102
f107,0.0714037594408417,0.0964912280701754
f95,0.07023535023921113,0.09169782379445879
f257,0.07014339931536497,0.08321349822644042
f265,0.06911133291439425,0.056370434282427384
f72,0.066975583080188,0.028041415012942217
f3,0.066975583080188,0.028041415012942217
f19,0.066975583080188,0.028041415012942217
f303,0.06421234500392291,0.03254721503211577
f31,0.062930345543427,0.09768957913910459
f365,0.06292078968158661,0.06447128750838838
f328,0.062305885118985674,0.051289425750167816
f350,0.06184887993700028,0.04620841721790814
f281,0.061547929169291596,0.045010066148978956
f364,0.06040061173095936,0.04611254913239393
f343,0.060295856743176134,0.06816220880069035
f277,0.059979240162038865,0.09605982168536095
f68,0.05737942808626474,0.03494391716997414
f7,0.05737942808626474,0.03494391716997414
f76,0.05737942808626474,0.03494391716997414
f21,0.05737942808626474,0.03494391716997414
f264,0.05711369004349989,0.091458153580673
SibSp_0,0.05599948330088644,0.11091937494008242
f65,0.05553442268445106,0.021570319240724722
f360,0.053977252053098584,0.025596778832326805
f169,0.053977252053098584,0.025596778832326805
f305,0.053977252053098584,0.025596778832326805
f167,0.05252477154422406,0.07295561307640686
f129,0.051980454692854026,0.028760425654299593
f137,0.05124927805449096,0.21345029239766078
f229,0.049719623447863404,0.10751605790432373
f370,0.048652162447349656,0.04026459591601961
f337,0.048592691703175706,0.04400345125107852
f188,0.04830738610814679,0.20760233918128657
f273,0.04805289313418864,0.02669926181574156
f234,0.047471216390039074,0.04357204486626409
f275,0.047181065747383864,0.02693893202952735
f192,0.04546080710024657,0.018646342632537616
f105,0.04546080710024657,0.018646342632537616
f42,0.04546080710024657,0.018646342632537616
f60,0.04534318086628034,0.042181957626306166
sexpclass_female3,0.04517402669014399,0.07937877480586708
f323,0.04463471939124098,0.05867126833477132
f52,0.044302108773302845,0.02947943629565719
f241,0.04384997088970142,0.02075544051385292
f225,0.04271536795185459,0.19590643274853803
f77,0.04215401080884661,0.02890422778257118
f37,0.04215401080884661,0.02890422778257118
f342,0.04215401080884661,0.02890422778257118
f344,0.040162974214142215,0.02765794267088484
f332,0.037746752994606884,0.034416642699645394
Pclass_2,0.0360234479432142,0.07770108330936631
f261,0.033231001380571216,0.017112453264308325
f108,0.033231001380571216,0.017112453264308325
f32,0.033231001380571216,0.017112453264308325
f353,0.033231001380571216,0.017112453264308325
f79,0.03221432146717085,0.04290096826766365
f88,0.03028668753381959,0.033074489502444626
f14,0.029787241900558314,0.04175055124149163
f134,0.02952718227549172,0.036286070367174794
title_Master,0.02952718227549172,0.036286070367174794
f139,0.029327078655996125,0.016824849007765375
f39,0.02881308422936149,0.034081104400345064
f160,0.02849546557361041,0.022193461796567893
f339,0.028196107227088076,0.16081871345029242
f196,0.028196107227088076,0.16081871345029242
f128,0.026960555560869022,0.03666954270923206
f73,0.026820692255341973,0.012798389416163292
f115,0.026010187791025156,0.03446457674240244
f276,0.025394202681337633,0.02291247243792538
f152,0.0248745188572826,0.029431502252900033
f235,0.024674373445462014,0.056705972581727604
f321,0.023722623757348692,0.07659860032595145
f35,0.023326912977372348,0.033745566101044955
f302,0.02324322848760138,0.030869523535614896
f36,0.02324322848760138,0.030869523535614896
Parch_2,0.023020770743054378,0.044099319336592835
f116,0.022659968612114285,0.031588534176972494
f183,0.022046087624714654,0.013900872399578268
f220,0.022046087624714654,0.013900872399578268
SibSp_4,0.021426580576677005,0.0185504745470233
f213,0.021368619280894386,0.01600997028089346
f252,0.021368619280894386,0.01600997028089346
f185,0.021368619280894386,0.01600997028089346
f190,0.021368619280894386,0.01600997028089346
f87,0.02113071297170519,0.04079187038634835
f361,0.02100925360530452,0.03302655545968747
f278,0.020662646125328362,0.06264979388361613
f180,0.020165537543067855,0.0345125107851596
f100,0.020042417136477947,0.03048605119355763
f80,0.020042417136477947,0.03048605119355763
f123,0.020042417136477947,0.03048605119355763
f85,0.02000455949464619,0.02602818521714123
f97,0.02000455949464619,0.02602818521714123
f151,0.0189871039210593,0.03230754481832998
f201,0.01866165814313765,0.02161825328348188
f25,0.018655402446319497,0.03638193845268911
f4,0.018460449287339982,0.009874412807976185
f325,0.018405230110836016,0.03379350014380211
f243,0.018335511517107238,0.06178698111398717
f24,0.01828619697398793,0.027514140542613363
f122,0.018044403446146984,0.035279455469274246
f26,0.017981586560380177,0.028664557568785387
f335,0.01767650293870707,0.014188476656121107
f222,0.01767650293870707,0.014188476656121107
f181,0.014841078995079159,0.022864538395168332
f327,0.014458099059277653,0.023487680951011503
f258,0.014295617767031366,0.024302559677883195
f112,0.014237420145628166,0.012079378774805916
f148,0.014237420145628166,0.012079378774805916
f29,0.013917634186844231,0.022385197967596526
f297,0.013790370077533646,0.0577605215223852
f322,0.013507636960055452,0.015626497938836192
f320,0.012863816774516893,0.0470712299875371
f263,0.012319609011975364,0.026795129901255876
f308,0.012121508489103299,0.013085993672706353
f298,0.010982640804438476,0.010545489406576514
f272,0.01088430621440328,0.030342249065286153
f13,0.01015163055539318,0.022433132010353796
f340,0.010048440487135064,0.045393538491036334
f205,0.009433168673521125,0.011264500047934
f341,0.009088640244010028,0.037484421436103865
f245,0.008100586119007495,0.02133064902693893
f59,0.007748769551844892,0.02286453839516822
f51,0.007745939182180454,0.024733966062697732
f40,0.007332931427392394,0.02166618732623915
f99,0.006578219570620844,0.02291247243792549
SibSp_3,0.006459588678178503,0.010162017064519246
f247,0.006425178378706721,0.02799348097018506
f232,0.00617428249183758,0.010881027705876734
f92,0.00598102135995389,0.013757070271306682
f96,0.005960326943340173,0.012319048988591708
f218,0.005517343011410967,0.02109097881315314
f268,0.005161945239700846,0.007333908541846346
f233,0.004824747281274479,0.007621512798389407
f346,0.004824747281274479,0.007621512798389407
f349,0.004796726893999632,0.009922346850733343
Parch_3,0.004533543137619471,0.005128942575016837
f209,0.004426157249059513,0.01692071709327969
f18,0.004277117859398618,0.06432748538011701
f307,0.004277117859398618,0.06432748538011701
f2,0.004277117859398618,0.06432748538011701
f71,0.004277117859398618,0.06432748538011701
f154,0.004277117859398618,0.06432748538011701
f164,0.004253628827535218,0.00881986386731859
f56,0.004253628827535218,0.00881986386731859
f12,0.004253628827535218,0.00881986386731859
f156,0.004253628827535218,0.00881986386731859
Parch_5,0.004001657797927087,0.004361997890902192
SibSp_2,0.0036475843895875416,0.010689291534847989
f324,0.0035935470494118655,0.018981880931837836
f312,0.0031751388206289373,0.00661489790048897
f271,0.0031751388206289373,0.00661489790048897
f283,0.002866701763365522,0.05282331511839711
f260,0.0028456432247513604,0.052631578947368474
f244,0.002774880953175446,0.025261240533026585
f70,0.0026684834877437427,0.017447991563608434
f102,0.0026684834877437427,0.017447991563608434
f359,0.002639709826378667,0.005512414917074104
f329,0.002639709826378667,0.005512414917074104
f240,0.00253436967970394,0.049707602339181256
f274,0.002480205916076657,0.049180327868852514
f345,0.002480205916076657,0.049180327868852514
f103,0.0021832302919090668,0.007573578755632249
f104,0.0019671300949715676,0.04385964912280704
f64,0.0018310410253797112,0.014524014955421327
f204,0.0017368066015939294,0.011408302176205476
f178,0.0017154029550113348,0.012366983031348866
f132,0.0015530829337991722,0.004793404275716617
f295,0.001504009836316013,0.0039785255488448135
f315,0.0014440883479581352,0.008580193653532797
f61,0.0012532660562133069,0.03508771929824561
f296,0.0011293764593182615,0.014715751126450072
f171,0.0009740379857558748,0.012798389416163292
f135,0.000902535500748945,0.007909117054932469
sexpclass_male1,0.0006411269983411021,0.008676061739047114
f62,0.0006407069231995474,0.002876042565429948
f239,0.0006028796076920711,0.011647972389991379
f227,0.0005310357839448974,0.0033553829930016432
title_Col,0.0005230100001094556,0.0011024829834147543
title_Major,0.0005230100001094556,0.0011024829834147543
f1,0.0004379953950356893,0.006566963857731811
f48,0.0003105188964807216,0.01754385964912286
title_Dr,0.00027802761287323326,0.0014859553254721325
f363,0.00025249047582380014,0.005704151088102738
SibSp_8,0.0001636194544429721,0.012750455373406244
f84,0.00015365815969886214,0.003690921292301863
f28,0.00015365815969886214,0.003690921292301863
f44,0.00015365815969886214,0.003690921292301863
f146,0.00012009968935076742,0.010928961748633892
title_Rev,0.00012009968935076742,0.010928961748633892
f46,0.00012009968935076742,0.010928961748633892
f254,0.00010465816542492627,0.0028281085226727898
f125,0.00010465816542492627,0.0028281085226727898
f347,9.733773025005955e-05,0.0046975361902023005
f358,9.33150802136793e-05,0.0013900872399578157
SibSp_5,8.332599866655691e-05,0.00910746812386154
f17,6.759584048031986e-05,0.0025405042661297284
Embarked_Q,5.620052347383378e-05,0.0021090978813154138
Parch_4,5.327975844288996e-05,0.007285974499089298
title_Mlle,3.4298944166070836e-05,0.005847953216374324
title_Lady,8.562163096749507e-06,0.0029239766081871066
title_Ms,8.562163096749507e-06,0.0029239766081871066
title_Mme,8.562163096749507e-06,0.0029239766081871066
title_Sir,8.562163096749507e-06,0.0029239766081871066
title_Countess,8.562163096749507e-06,0.0029239766081871066
f279,6.196067863695827e-06,0.0010545489406577069
title_Don,3.3208644107744546e-06,0.0018214936247723523
title_Jonkheer,3.3208644107744546e-06,0.0018214936247723523
Parch_6,3.3208644107744546e-06,0.0018214936247723523
title_Capt,3.3208644107744546e-06,0.0018214936247723523
title_Dona,0.0,0.0
Parch_9,0.0,0.0
